user_id,discord_user_id,username,display_name,avatar_url,platform_state,connected_at,last_synced_at,last_sync_status
19320746,1193598398872432771,gerryrwx,gerry,https://cdn.discordapp.com/avatars/1193598398872432771/485f7b1f227411424d96a3b6e00f6da5.png,Server_Joined,2026-07-21T01:12:30.326588+00:00,2026-08-09T21:45:57.563987+00:00,success
995331,85439698629054464,malikdixon59,Malik Dixon,https://cdn.discordapp.com/avatars/85439698629054464/115931bbee9efadaab33c1a965948d60.png,Server_Joined,2026-07-31T20:00:54.843524+00:00,2026-08-09T21:45:58.855833+00:00,success
gitlab_22678743,804603047702560769,gavinpaultech,gavinpaultech,https://cdn.discordapp.com/avatars/804603047702560769/275fd4a7e819237d245a07a4071911da.png,Server_Joined,2026-07-06T21:07:40.712708+00:00,2026-08-09T21:46:00.144236+00:00,success
285445794,1005633370065227848,.orawe_436,Orawe435,,Server_Joined,2026-07-09T20:09:37.678143+00:00,2026-08-09T21:46:01.433406+00:00,success
69876122,508876941588299786,ortizdiegocfx,Phurb4,https://cdn.discordapp.com/avatars/508876941588299786/1aaa2586e9bdca45352718efde67f977.png,Server_Joined,2026-07-05T22:14:48.056766+00:00,2026-08-09T21:46:02.975891+00:00,success
158156177,1378666006586720329,23_oyinkansola_03445,Oyinkansola,,Server_Joined,2026-07-23T07:19:10.793550+00:00,2026-08-09T21:46:04.288933+00:00,success
230319587,1413068701321924680,wasiim_80183,Wasiim,,Server_Joined,2026-07-28T07:08:37.633582+00:00,2026-08-09T21:46:05.691224+00:00,role_sync_failed
74331032,837018246925647903,kosisochukwuakaeze9600,Kosi,https://cdn.discordapp.com/avatars/837018246925647903/c0b37d29590fa77c34753e6a8702feae.png,Server_Joined,2026-07-30T21:35:26.711247+00:00,2026-08-09T21:46:06.963916+00:00,success
48499846,568191572991279121,omega008283,Omega,,Server_Joined,2026-07-09T12:21:23.056979+00:00,2026-08-09T21:46:08.442800+00:00,role_sync_failed
40708771,370021170092834826,marquis2660,Marquis,https://cdn.discordapp.com/avatars/370021170092834826/494bde59ff9aa5509687a3de9a2880cf.png,Server_Joined,2026-08-03T16:51:34.896775+00:00,2026-08-09T21:46:09.715990+00:00,success
187954905,1235570929522835547,ayo_pon,Ayode,,Server_Joined,2026-07-23T14:57:30.180841+00:00,2026-08-09T21:46:10.981222+00:00,success
12909665,862381241172492288,nisha281,Nisha,,Server_Joined,2026-07-31T04:47:31.611440+00:00,2026-08-09T21:46:12.515482+00:00,success
20408849,525030340482301981,zenexthegod,Tony G,https://cdn.discordapp.com/avatars/525030340482301981/0459b113760bcb2ce79ec983a8cdad84.png,Server_Joined,2026-07-11T21:25:39.706884+00:00,2026-08-09T21:46:13.878624+00:00,success
286805818,1518330940189970453,danielblakeman,danielblakeman,,Server_Joined,2026-07-19T13:08:06.565455+00:00,2026-08-09T21:46:15.265148+00:00,role_sync_failed
122662006,754508644602609714,solarfox_red,SolarFox_Red,https://cdn.discordapp.com/avatars/754508644602609714/51fc6f986b6186106ebb8c2bc3c30ba7.png,Server_Joined,2026-07-30T21:06:51.773366+00:00,2026-08-09T21:46:16.563498+00:00,success
80804614,714726766735786004,scottc96,Scott,https://cdn.discordapp.com/avatars/714726766735786004/5e551cb8194ebf2bea15ab171ed98a4b.png,Server_Joined,2026-07-18T02:45:03.180718+00:00,2026-08-09T21:46:17.812003+00:00,success
34633324,1103753676306268241,ss_187355,Sajid S.,,Server_Joined,2026-07-31T00:52:00.732391+00:00,2026-08-09T21:46:19.076190+00:00,success
108559396,992133099997646882,bemmanuelvip911,Boluwatife,https://cdn.discordapp.com/avatars/992133099997646882/c82b3fa769ed6e6ffdea579381ed5f5c.png,Server_Joined,2026-07-13T06:32:14.154395+00:00,2026-08-09T21:46:20.351259+00:00,success
32634730,333593185815363585,graendal21,Graendal,https://cdn.discordapp.com/avatars/333593185815363585/e716118001a9f308c014e0c226236b67.png,Server_Joined,2026-07-21T20:55:24.572041+00:00,2026-08-09T21:46:21.653288+00:00,success
105338499,1132985608990638140,elohim5150,elohim5150_LDM,,Server_Joined,2026-08-07T09:26:10.281370+00:00,2026-08-09T21:46:23.067262+00:00,role_sync_failed
80710703,841007590854754314,issy5511,Seun,https://cdn.discordapp.com/avatars/841007590854754314/15b5c31b5bb032a2aa2b2752d491a7fe.png,Server_Joined,2026-07-31T03:11:39.566941+00:00,2026-08-09T21:46:24.329302+00:00,success
15966238,750404885379416134,zamunda68,zamunda68,,Server_Joined,2026-07-04T06:10:31.944163+00:00,2026-08-09T21:46:25.580971+00:00,success
224627991,589679262269702146,rheepr,Rheepr,https://cdn.discordapp.com/avatars/589679262269702146/02162f4467c8d9430024c893086d8a5b.png,Server_Joined,2026-07-04T11:44:14.345324+00:00,2026-08-09T21:46:26.845149+00:00,success
232065349,1386113794102792213,necholbaby_75753,Rita Nnenna,https://cdn.discordapp.com/avatars/1386113794102792213/c6ce0e9446f212784acf89a043aec2d0.png,Server_Joined,2026-07-22T13:34:23.260189+00:00,2026-08-09T21:46:28.137359+00:00,success
26260663,463559202162343947,chiche8859,Chi Che_ds,https://cdn.discordapp.com/avatars/463559202162343947/92825a3b7541025837ecb72f6e137fc1.png,Server_Joined,2026-07-09T07:33:40.593902+00:00,2026-08-09T21:46:29.451998+00:00,success
97127158,867548800070844427,nishprice,Nisheida,https://cdn.discordapp.com/avatars/867548800070844427/9ac096b47937c50b65574bfc7022ed95.png,Server_Joined,2026-07-22T13:29:55.938095+00:00,2026-08-09T21:46:30.749805+00:00,success
104784071,869708481677119568,daveduke9,Daveduke9,https://cdn.discordapp.com/avatars/869708481677119568/d739de33227552a46442e7d242e0f52b.png,Server_Joined,2026-07-05T12:46:17.019363+00:00,2026-08-09T21:46:32.022347+00:00,success
109387664,938130179115606116,okoruwaobehi111,Okoruwa Obehi Emmanuel,https://cdn.discordapp.com/avatars/938130179115606116/4bf0d15694a58309707c2ddf75edfea6.png,Server_Joined,2026-07-09T04:28:48.708267+00:00,2026-08-09T21:46:33.701422+00:00,role_sync_failed
60932817,886413894564843530,elmaster6954,Natanael Javier,https://cdn.discordapp.com/avatars/886413894564843530/70d3f497a058cec392fd95186f44bdbe.png,Server_Joined,2026-07-28T21:21:21.845835+00:00,2026-08-09T21:46:35.141607+00:00,role_sync_failed
40213661,396000300902776860,olliejandro,Olliejandro,https://cdn.discordapp.com/avatars/396000300902776860/4d7774b8c9b92558e2a2872e367d4d6a.png,Server_Joined,2026-07-19T00:41:02.538828+00:00,2026-08-09T21:46:36.427693+00:00,success
4656074,878025815223328830,thedivine9379,CyberLynx,https://cdn.discordapp.com/avatars/878025815223328830/7e3028d5aaed1cf87b3b2f8636d40bdc.png,Server_Joined,2026-07-17T17:15:16.956354+00:00,2026-08-09T21:46:37.877362+00:00,role_sync_failed
160517063,1278129877114949659,tenzingggg,Tenzing,https://cdn.discordapp.com/avatars/1278129877114949659/1628fc11e7961d85181295493426b775.png,Server_Joined,2026-07-06T03:34:47.348070+00:00,2026-08-09T21:46:39.148770+00:00,success
52612519,1326717831550865524,charityebede,Charity Ebede,https://cdn.discordapp.com/avatars/1326717831550865524/121da446ed0e2db1566e1978b3221d5c.png,Server_Joined,2026-07-09T12:55:27.035781+00:00,2026-08-09T21:46:40.460640+00:00,success
193103814,795337602370109480,_lordbee,lordbee,https://cdn.discordapp.com/avatars/795337602370109480/ef922645ab8fa3b79c4d0cd5382f0553.png,Server_Joined,2026-07-05T20:34:53.819060+00:00,2026-08-09T21:46:41.726203+00:00,success
113107479,753683751544029314,pferggg,whoisbatman1,https://cdn.discordapp.com/avatars/753683751544029314/a2754f40a11609cb48fb286082395359.png,Server_Joined,2026-07-07T04:01:53.007679+00:00,2026-08-09T21:46:43.317263+00:00,success
224305039,1464772219367325919,amahjosh99_23302,Aimar,,Server_Joined,2026-07-11T21:22:07.351294+00:00,2026-08-09T21:46:44.602756+00:00,success
88367072,1210699429015846973,avi__shukla,abhishek,https://cdn.discordapp.com/avatars/1210699429015846973/44c309e35b55e58be2b8016d6aa988c8.png,Server_Joined,2026-07-24T16:52:35.418879+00:00,2026-08-09T21:46:45.849979+00:00,success
44353909,430861595804041216,kingchozen,Chozen,https://cdn.discordapp.com/avatars/430861595804041216/51d5f6bb8b07d90b7b37f38d0c528dae.png,Server_Joined,2026-07-15T03:10:45.815722+00:00,2026-08-09T21:46:47.244197+00:00,role_sync_failed
72815941,650812640943407142,laquion,laquion,https://cdn.discordapp.com/avatars/650812640943407142/6a8aac537ababfbc5a4ef325a98ac279.png,Server_Joined,2026-08-05T05:59:45.551203+00:00,2026-08-09T21:46:48.606003+00:00,role_sync_failed
30873598,686778652628877324,0x1h3r,Abdiwahab,https://cdn.discordapp.com/avatars/686778652628877324/f90bba43283c9b1b50bf09a99f5dcdcc.png,Server_Joined,2026-07-31T10:41:02.759973+00:00,2026-08-09T21:46:50.017223+00:00,role_sync_failed
gitlab_27722188,743025709638746162,beks.ntuli,Beks.01,,Server_Joined,2026-07-10T14:43:43.505949+00:00,2026-08-09T21:46:51.245223+00:00,success
190852390,904989623862845470,macguffin_876,Juss_Tice,https://cdn.discordapp.com/avatars/904989623862845470/6e932835a761cc8449dcbf9d0250ed97.png,Server_Joined,2026-08-04T14:05:53.452802+00:00,2026-08-09T21:46:52.472765+00:00,success
24638594,855251111997210674,carlaltdel,carl+alt+del,,Server_Joined,2026-07-12T18:27:26.574788+00:00,2026-08-09T21:46:53.808109+00:00,success
82541131,708307836773335081,iqtheengineer,IQtheEngineer,https://cdn.discordapp.com/avatars/708307836773335081/738a430764585ecc3d0edede41ce634c.png,Server_Joined,2026-07-07T03:04:05.895841+00:00,2026-08-09T21:46:55.077069+00:00,success
20100558,737076615288324228,damienjburks,Damien,https://cdn.discordapp.com/avatars/737076615288324228/a69e57ca0f17065acd7e133d01f1947f.png,Server_Joined,2026-08-03T16:50:42.486902+00:00,2026-08-09T21:46:56.323812+00:00,success
29310552,911372842451488829,kunle9427,DMIC3-G3:kunle obasoro,,Server_Joined,2026-07-09T05:05:09.087419+00:00,2026-08-09T21:46:57.605720+00:00,success
28814659,178681436470116353,jamaicajones,Phoenix,https://cdn.discordapp.com/avatars/178681436470116353/06b7a93c42bea159eb75e4052f923bc9.png,Server_Joined,2026-07-06T22:04:35.732223+00:00,2026-08-09T21:46:58.880106+00:00,success
1830921,426818533394219008,ercsa7,ercsa7,https://cdn.discordapp.com/avatars/426818533394219008/9e0a34ff74d2f2591712aa50990392fd.png,Server_Joined,2026-07-05T12:25:12.826538+00:00,2026-08-09T21:47:00.205008+00:00,success
